{
  "mean": [
    0.008246131648345886,
    -0.0030175329524052487,
    10.006235254029175,
    0.8604227632331505,
    0.865544513152128,
    0.8618730478260356,
    0.7619813667725522,
    0.766718447513422,
    10.00827176667295,
    -0.7611548479578225,
    -0.7606596600728743,
    9.987648584470726,
    0.00804483887476515,
    0.002399829889598057,
    10.009922162142828,
    0.003942454289182502,
    0.0020190207524228235,
    0.0020320604406747164,
    0.16955318235219263,
    0.16907825661590822,
    0.16874639780821554,
    0.2565577280584075,
    0.25567563830112594,
    0.2566231665663495,
    -0.2539172459192962,
    -0.25477015806316555,
    -0.25736458118926536,
    0.0013609914468961576,
    0.002054503604922958,
    0.001624831300619549,
    0.5553506553757563,
    0.18586374287411697,
    0.6530349887897711,
    0.34899376493676926,
    0.5550267970335915,
    297.8385580034194,
    119.08304829034807,
    591.7827130573787,
    116.6666628408982,
    246.20522449885146,
    0.4540389829889198,
    0.1848346283950779,
    0.6512553373995315,
    0.3003014712634354,
    0.45231122502167653,
    2.9637678737522957,
    114.00091519813905,
    0.15148563748937485,
    0.08688835666835798,
    0.6470619468275517,
    173.77006374070066,
    86.60661090840794,
    5.4855843992830895,
    180.97328439698563,
    4.594089647308419,
    0.2794648536473117,
    1.1393807583157722,
    56.94692770525123,
    59.12273357896793,
    0.10121070182972401,
    13.027586030816085,
    77.61821111216331,
    29.62156108823752,
    16.37183922938526,
    0.7451706324254151,
    9.981903992716347,
    3.0145620170389402,
    47527.227930404464,
    0.6454151878327334,
    0.4983743966520108,
    55.07386812840691,
    1.1412229225459063,
    27.276435900865163,
    0.4969647324811886,
    1990.1071158347904,
    55185.1070658725,
    10.647639074876508,
    5.03656760386626,
    2.0194952861678375,
    1977.7388961212387,
    0.4944953962275133,
    2.753098059404921,
    1.6600609042942776,
    0.5078349692943855,
    5.499150902284391,
    0.49450417835792326,
    0.5940698723881034,
    5.516692101504604,
    0.4932428941058604,
    0.5108013560539736,
    0.5497261279954283,
    1.495625,
    0.5522072879341917,
    0.6018431387837919,
    0.5778893035879238,
    0.5942996156994418,
    0.5428049380205751,
    0.6459011195540604,
    0.6941097476683609,
    0.540425155755754
  ],
  "scale": [
    1.511536296259369,
    1.5037636785971973,
    1.505814467924414,
    2.7567668870403885,
    2.7694348946628455,
    2.76733114770467,
    1.323761247272707,
    1.320822382451849,
    1.0012702183864788,
    1.3216230965137101,
    1.316798468002587,
    1.0047981038863458,
    1.6605755128882045,
    1.672399571587677,
    1.9975488185188501,
    5.914531570338948,
    5.906720500994158,
    5.9555325474287235,
    13.794364615820516,
    13.769909007273803,
    13.803890016726406,
    5.370027779936471,
    5.32017293964215,
    5.360678610270791,
    5.387990176970113,
    5.348884887040837,
    5.350902367089143,
    7.444304043571068,
    7.497007700419696,
    7.465214454596229,
    4.888468988139577,
    13.537157770509479,
    6.275427535205539,
    6.393814803264531,
    6.26778136321446,
    0.008128105430725558,
    0.02021896566940815,
    0.004088668353526379,
    0.02056968261286988,
    0.01014536078012134,
    6.300861568188393,
    13.565100651433909,
    6.31300062249015,
    7.4114554317775605,
    8.793638758168212,
    0.8188899039215491,
    0.020637128273150653,
    14.609327224900253,
    27.266998888439694,
    6.26808348228925,
    0.013653571796093967,
    0.027444453440789916,
    0.44671694361172454,
    0.009635604782780312,
    0.5101577272100487,
    8.325238873877215,
    2.075895667809967,
    0.041352745852430386,
    0.04085904473025121,
    21.65445499468287,
    31.077763276357455,
    73.73395927778145,
    0.0816534562476227,
    0.13944163625768066,
    8.627491540541227,
    0.16093746935940423,
    0.507665080642616,
    4.828647492137952e-05,
    6.301181414002131,
    4.456637886626989,
    0.04125482442068171,
    2.064415869867077,
    0.08373708005058775,
    4.449238738126808,
    0.0011604006573739222,
    4.140849398379785e-05,
    0.29139875318326297,
    0.3167886756088454,
    0.7103451061700138,
    0.0011366686879074543,
    4.4742939973002205,
    0.8325229294585844,
    1.3694158622742323,
    4.348246012702053,
    0.4131466493658671,
    4.428354520738313,
    5.479555509491288,
    0.4422174935273501,
    4.402777125172801,
    4.354287329161446,
    4.949868394462067,
    0.8940367715393469,
    4.919423236732442,
    9.864409330291918,
    5.896498951899252,
    5.449431784067837,
    4.915211564382868,
    6.274711759053028,
    7.210402840930578,
    4.796046770054716
  ],
  "featureOrder": [
    "feature_0",
    "feature_1",
    "feature_2",
    "feature_3",
    "feature_4",
    "feature_5",
    "feature_6",
    "feature_7",
    "feature_8",
    "feature_9",
    "feature_10",
    "feature_11",
    "feature_12",
    "feature_13",
    "feature_14",
    "feature_15",
    "feature_16",
    "feature_17",
    "feature_18",
    "feature_19",
    "feature_20",
    "feature_21",
    "feature_22",
    "feature_23",
    "feature_24",
    "feature_25",
    "feature_26",
    "feature_27",
    "feature_28",
    "feature_29",
    "feature_30",
    "feature_31",
    "feature_32",
    "feature_33",
    "feature_34",
    "feature_35",
    "feature_36",
    "feature_37",
    "feature_38",
    "feature_39",
    "feature_40",
    "feature_41",
    "feature_42",
    "feature_43",
    "feature_44",
    "feature_45",
    "feature_46",
    "feature_47",
    "feature_48",
    "feature_49",
    "feature_50",
    "feature_51",
    "feature_52",
    "feature_53",
    "feature_54",
    "feature_55",
    "feature_56",
    "feature_57",
    "feature_58",
    "feature_59",
    "feature_60",
    "feature_61",
    "feature_62",
    "feature_63",
    "feature_64",
    "feature_65",
    "feature_66",
    "feature_67",
    "feature_68",
    "feature_69",
    "feature_70",
    "feature_71",
    "feature_72",
    "feature_73",
    "feature_74",
    "feature_75",
    "feature_76",
    "feature_77",
    "feature_78",
    "feature_79",
    "feature_80",
    "feature_81",
    "feature_82",
    "feature_83",
    "feature_84",
    "feature_85",
    "feature_86",
    "feature_87",
    "feature_88",
    "feature_89",
    "feature_90",
    "feature_91",
    "feature_92",
    "feature_93",
    "feature_94",
    "feature_95",
    "feature_96",
    "feature_97",
    "feature_98",
    "feature_99"
  ],